3,5,7,8,10,17,22,30,31,34,39,43,44,47,55,60,61,62,64,65,66,76,77,78,79,80,81,82,87,89,90,92,93,94,104,106,114,120,121,129,133,134,138,142,148,151,154,157,158,159,161,164,167,169,172,180,184,188,190,192,194,195,196,197,198,204,206,215,237,243,246,247,248,249,255,256,257,258,263,268,269,281,285,287,290,293,294,296,297,298,303,306,317,318,320,324,325,331,334,337,338,347,348,350,353,355,357,358,359,367,370,376,379,384,387,390,391,394,396,399,400,404,409,410,420,427,430,431,434,445,447,448,452,459,461,462,472,473,474,475,476,478,485,490,494,495,498,501,503,505,506,510,511,513,519,521,522,523,526,529,532,537,542,545,546,547,548,549,551,552,555,562,563,565,571,573,574,579,580,583,588,592,594,596,602,605,606,607,609,610,613,615,618,620,621,622,623,624,626,630,637,638,639,643,645,648,650,659,661,663,668,671,672,675,679,680,684,690,692,693,694,696,709,717,718,723,726,728,730,733,737,740,742,748,754,759,764,766,767,769,771,772,773,774,777,778,782,786,788,791,792,795,796,799,802,805,807,814,820,821,823,827,833,836,837,842,845,846,850,852,855,862,865,866,870,871,876,878,880,883,885,886,887,888,890,891,898,907,909,915,917,919,920,921,922,931,936,940,941,945,950,952,953,955,956,960,965,970,971,974,978,979,980,982,987,995,1000,1005,1008,1011,1025,1027,1029,1031,1032,1033,1034,1040,1046,1047,1048,1049,1050,1052,1055,1056,1061,1065,1067,1075,1077,1082,1083,1091,1092,1093,1102,1107,1109,1111,1113,1114,1116,1118,1119,1127,1136,1143,1149,1152,1153,1159,1162,1165,1168,1174,1175,1180,1182,1185,1189,1191,1193,1195,1197,1198,1201,1206,1217,1224,1226,1229,1233,1242,1243,1244,1245,1247,1256,1261,1263,1267,1268,1270,1271,1273,1274,1283,1286,1292,1295,1298,1301,1303,1304,1307,1310,1316,1318,1319,1321,1330,1332,1337,1339,1341,1342,1348,1349,1350,1351,1354,1356,1358,1361,1363,1364,1365,1368,1369,1372,1374,1379,1382,1383,1384,1386,1390,1391,1392,1395,1398,1400,1408,1409,1410,1413,1416,1425,1427,1430,1431,1433,1435,1436,1437,1438,1439,1443,1445,1464,1472,1475,1476,1477,1481,1487,1489,1491,1502,1509,1511,1515,1520,1523,1524,1526,1528,1530,1536,1544,1547,1549,1555,1557,1564,1566,1567,1571,1575,1577,1579,1586,1588,1589,1595,1597,1606,1619,1620,1623,1624,1625,1626,1632,1638,1641,1642,1643,1646,1648,1651,1662,1666,1673,1683,1685,1687,1688,1689,1690,1691,1692,1693,1698,1700,1704,1708,1710,1714,1715,1717,1719,1723,1730,1731,1732,1738,1740,1741,1742,1745,1746,1748,1750,1751,1756,1760,1767,1772,1777,1782,1790,1791,1792,1795,1796,1799,1808,1811,1813,1818,1819,1820,1821,1823,1824,1836,1837,1843,1845,1851,1858,1859,1860,1864,1869,1871,1876,1877,1881,1882,1888,1894,1897,1903,1905,1914,1922,1923,1924,1935,1936,1938,1939,1940,1941,1942,1947,1948,1949,1951,1952,1956,1767,1960,1962,1967,1969,1977,1979,1980,1983,1987,1990,1991,1994,1995,1996,1999,2000,2002,2007,2009,2011,2014,2016,2017,2020,2024,2026,2037,2041,2043,2045,2049,2051,2059,2060,2061,2065,2075,2076,2080,2083,2084,2086,2089,2091,2092,2095,2096,2097,2100,2101,2102,2104,2105,2106,2108,2110,2114,2115,2116,2118,2120,2122,2127,2129,2130,2136,2140,2142,2144,2147,2150,2155,2162,2163,2164,2165,2167,2172,2175,2178,2183,2185,2190,2192,2193,2194,2195,2196,2200,2201,2205,2208,2214,2216,2222,2224,2228,2229,2231,2235,2251,2252,2253,2254,2255,2261,2267,2268,2272,2275,2277,2280,2283,2288,2292,2293,2295,2296,2308,2312,2315,2320,2326,2328,2329,2330,2332,2335,2340,2343,2344,2345,2350,2355,2365,2373,2374,2379,2388,2390,2394,2396,2412,2414,2417,2425,2426,2435,2436,2437,2438,2439,2440,2443,2444,2445,2465,2467,2473,2475,2478,2479,2482,2490,2492,2494,2495,2498,2499,2500,2501,2507,2516,2518,2523,2525,2532,2534,2535,2536,2542,2546,2549,2551,2554,2555,2557,2561,2563,2566,2567,2576,2578,2579,2581,2587,2590,2594,2598,2602,2608,2612,2613,2614,2617,2620,2621,2622,2625,2626,2631,2637,2642,2643,2646,2650,2651,2652,2655,2656,2657,2661,2667,2668,2670,2672,2675,2679,2684,2687,2692,2693,2694,2695,2699,2701,2703,2707,2709,2712,2714,2715,2718,2719,2725,2729,2734,2737,2743,2744,2749,2750,2751,2753,2754,2756,2761,2762,2766,2767,2781,2782,2788,2790,2791,2799,2801,2802,2804,2805,2813,2823,2827,2835,2836,2837,2843,2844,2847,2848,2854,2859,2863,2864,2866,2871,2872,2876,2880,2882,2885,2889,2892,2895,2898,2901,2902,2905,2908,2910,2911,2913,2920,2922,2925,2927,2940,2941,2943,2946,2952,2956,2964,2965,2966,2967,2969,2970,2971,2981,2983,2992,2993,2995,2996,2997,2999,3001,3003,3005,3007,3014,3015,3016,3021,3026,3028,3029,3032,3036,3037,3038,3058,3066,3068,3069,3072,3073,3075,3076,3077,3081,3082,3085,3086,3088,3089,3090,3092,3098,3100,3101,3104,3105,3106,3109,3111,3116,3117,3125,1777,3130,3135,3137,3140,3146,3148,3149,3150,3151,3155,3158,3160,3163,3169,3170,3179,3187,3194,3202,3204,3208,3212,3214,3216,3226,3229,3230,3244,3245,3246,3250,3251,3253,3259,3262,3263,3266,3267,3271,3272,3274,3276,3278,3279,3283,3284,3286,3287,3288,3289,3291,3293,3301,3304,3306,3311,3314,3315,3327,3330,3334,3338,3344,3346,3347,3360,3365,3369,3374,3377,3380,3382,3386,3389,3395,3396,3399,3401,3411,3416,3418,3425,3426,3430,3432,3433,3436,3437,3441,3444,3445,3446,3447,3448,3451,3456,3458,3459,3462,3470,3471,3476,3477,3478,3481,3485,3488,3495,3501,3504,3506,3514,3515,3527,3528,3537,3540,3544,3547,3549,3553,3555,3556,3558,3563,3565,3572,3575,3581,3583,3584,3586,3587,3589,3599,3601,3602,3607,3612,3614,3617,3619,3623,3631,3632,3636,3640,3642,3646,3648,3650,3654,3658,3659,3660,3663,3671,3673,3677,3678,3684,3688,3690,3692,3695,3697,3698,3699,3701,3703,3704,3709,3712,3714,3720,3721,3723,3724,3727,3729,3731,3738,3741,3742,3744,3746,3752,3755,3757,3764,3766,3771,3772,3773,3776,931,3788,3789,3790,3793,3796,3797,3798,3799,3803,3806,3807,3808,3816,3818,3821,3822,3823,3824,3825,3830,3831,3834,3841,3842,3848,3849,3850,3859,3864,3867,3868,3881,3883,3884,3898,3899,3902,3910,3915,3916,3918,3921,3922,3926,3931,3932,3939,3940,3943,3951,3955,3959,3960,3962,3963,3967,3973,3977,3985,3987,3988,3989,3990,3991,4000,4007,4009,4013,4017,4019,4022,4024,4025,4027,4030,4032,4034,4035,4038,4041,4043,4047,4054,4056,4058,4064,4067,4071,4073,4076,4079,4083,4085,4087,4090,4092,4094,4097,4098,4101,4102,4105,4107,4108,4111,4122,4123,4126,4128,4129,4130,4131,4133,4136,4138,4144,4146,4148,4149,4159,4164,4165,4172,4174,4175,4185,4186,4190,4191,4193,4197,4198,4202,4203,4204,4205,4209,4212,4215,4216,4219,4232,4241,4243,4246,4247,4254,4256,4259,4267,4269,4272,4275,4276,4277,4286,4287,4289,4292,4293,4305,4306,4307,4313,4314,4315,4316,4318,4322,4325,4327,4328,4329,4344,4346,4348,4349,4355,4358,4360,4363,4374,4376,4381,4382,4386,4387,4394,4395,4398,4399,4402,4406,4409,4410,4414,4415,4424,4425,4429,4430,4433,4435,4436,4438,4439,4440,4443,4448,4451,4454,4457,4458,4459,4468,4470,4471,4473,4481,4484,4488,4496,4499,4502,4507,4511,4515,4517,4522,4525,4527,4528,4535,4536,4542,4544,4548,4551,4552,4553,4556,4561,4567,4568,4572,4580,4582,4584,4585,4586,4591,4592,4600,4604,4606,4607,4611,4615,4621,4627,4629,4635,4636,4648,4649,4651,4652,4654,4655,4662,4664,4669,4671,4673,4676,4678,4679,4682,4687,4688,4696,4699,4702,4705,4709,4712,4719,4727,4745,4747,4752,4753,4755,4757,4762,4773,4777,4779,4780,4786,4788,4789,4792,4794,4799,4800,4810,4813,4814,4815,4818,4819,4820,4822,4831,4842,4845,4851,4853,4859,4861,4865,4870,4874,4889,4892,4897,4898,4899,4900,4906,4909,4910,4913,4921,4923,4929,4931,4938,4939,4946,4950,4954,4958,4959,4963,4975,4979,4981,4985,4989,4999,5002,5003,5008,5009,5010,5020,5028,5029,5033,5036,5041,5043,5044,5045,5049,5050,5053,5054,5055,5058,5060,5064,5066,5067,5068,5070,5071,5075,5076,5081,5083,5084,5085,5089,5090,5098,5099,5105,5107,5112,5116,5122,5124,5125,5127,5128,5135,5149,5150,5152,5154,5156,5159,5161,5163,5166,5171,5175,5179,5180,5186,5188,5193,5194,5198,5203,5210,5211,5218,5220,5221,5222,5225,5229,5232,5250,5256,5258,5259,5260,5263,5265,5271,5280,5286,5292,5294,5300,5304,5306,5307,5309,5310,5312,5313,5323,5327,5329,5332,5336,5337,5338,5339,5341,5342,5343,5344,5349,5352,5353,5355,5358,5364,5365,5366,5367,5371,5375,5380,5384,5386,5387,5388,5393,5399,5402,5404,5405,5410,5418,5419,5422,5425,5426,5427,5428,5429,5431,5444,5448,5459,5460,5465,5466,5470,5473,5477,5479,5481,5487,5488,5491,5495,5496,5497,5499,5501,5504,5506,5509,5515,5519,5523,5525,5526,5529,5531,5533,5534,5535,5538,5543,5545,5551,5552,5553,5555,5556,5557,5558,5559,5560,5561,5562,5563,5570,5574,5575,5577,5579,5582,5583,5587,5593,5598,5602,5603
4,6,12,13,16,18,23,25,29,32,46,70,91,100,109,112,113,115,116,125,144,145,146,152,155,162,177,183,199,200,210,212,221,224,236,251,259,265,271,276,279,283,284,286,289,301,304,314,316,326,329,349,352,362,363,366,369,383,385,403,405,406,407,415,423,424,426,429,433,439,451,456,460,463,468,488,497,512,514,520,533,540,550,556,557,575,581,590,600,614,633,635,636,653,655,664,669,704,706,719,721,741,744,745,755,758,780,785,794,804,806,810,831,834,841,843,844,849,851,860,863,868,877,893,894,895,896,904,905,912,923,926,927,928,929,942,944,947,981,990,1037,1038,1041,1066,1085,1086,1099,1101,1103,1110,1112,1117,1122,1124,1128,1132,1135,1140,1155,1156,1166,1167,1183,1205,1210,1212,1227,1232,1237,1254,1258,1260,1264,1266,1280,1309,1315,1329,1352,1366,1381,1396,1397,1402,1403,1407,1415,1422,1423,1424,1441,1446,1447,1455,1459,1462,1463,1474,1479,1480,1483,1485,1490,1519,1522,1533,1539,1541,1546,1572,1573,1576,1578,1581,1583,1590,1599,1603,1605,1610,1611,1612,1615,1627,1629,1630,1633,1636,1653,1656,1667,1672,1676,1697,1699,1701,1702,1705,1716,1718,1721,1727,1728,1734,1752,1753,1770,1771,1778,1787,1797,1803,1806,1817,1827,1830,1834,1853,1875,1880,1885,1892,1896,1900,1902,1904,1919,1925,1927,1932,1937,1945,1950,1963,1966,1968,1970,1978,1998,2004,2006,2012,2029,2068,2071,2079,2093,2112,2121,2132,2169,2173,2210,2211,2221,2225,2226,2230,2233,2237,2238,2240,2242,2243,2248,2256,2276,2279,2297,2302,2303,2321,2322,2323,2324,2325,2339,2341,2342,2352,2358,2361,2370,2371,2372,2375,2393,2400,2404,2410,2418,2420,2429,2431,2449,2453,2454,2469,2470,2471,2481,2484,2493,2496,2502,2503,2509,2512,2514,2527,2543,2565,2572,2574,2588,2599,2603,2609,2611,2628,2641,2647,2648,2653,2658,2660,2671,2677,2680,2681,2683,2691,2697,2721,2722,2723,2736,2752,2758,2765,2770,2775,2785,2796,2808,2815,2818,2830,2831,2834,2845,2849,2865,2868,2877,2884,2887,2890,2896,2909,2917,2919,2923,2929,2930,2937,2947,2953,2954,2957,2982,2989,2991,2998,3002,3011,3022,3031,3048,3053,3054,3061,3112,3113,3114,3126,3133,3142,3143,3156,3167,3172,3175,3180,3183,3198,3213,3215,3222,3231,3234,3237,3247,3254,3258,3268,3275,3285,3295,3296,3297,3298,3300,3318,3323,3325,3326,3328,3336,3341,3342,3349,3351,3353,3364,3366,3372,3383,3397,3398,3414,3415,3423,3427,3428,3453,3460,3480,3482,3489,3498,3499,3500,3510,3512,3513,3521,3524,3532,3539,3542,3543,3545,3546,3548,3573,3594,3597,3611,3613,3624,3625,3626,3628,3630,3638,3641,3649,3653,3655,3656,3666,3670,3672,3675,3676,3683,3691,3696,3722,3728,3732,3754,3761,3762,3782,3786,3792,3795,3809,3820,3827,3828,3829,3846,3851,3865,3870,3875,3886,3888,3891,3892,3893,3896,3897,3912,3920,3924,3930,3950,3953,3958,3964,3970,3971,3993,2639,3996,4004,4005,4011,4014,4040,4044,4046,4048,4051,4052,4053,4062,4074,4081,4089,4100,4104,4106,4113,4116,4118,4125,4132,4137,4141,4151,4176,4177,4187,4192,4211,4213,4217,4224,4227,4231,4235,4237,4240,4249,4251,4253,4257,4258,4266,4273,4288,4295,4304,4312,4317,4324,4330,4336,4342,4351,4354,4357,4359,4361,4362,4366,4367,4373,4375,4379,4385,4390,4407,4428,4442,4444,4450,4455,4469,4475,4476,4479,4480,4492,4493,4503,4514,4531,4538,4571,4573,4575,4577,4578,4587,4609,4619,4625,4639,4640,4650,4653,4665,4666,4675,4677,4686,4692,4693,4704,4706,4713,4714,4715,4717,4723,4728,4736,4740,4741,4760,4795,4797,4803,4805,4807,4816,4825,4827,4834,4841,4847,4849,4850,4855,4878,4880,4885,4886,4888,4896,4904,4905,4912,4917,4925,4933,4945,4947,4948,4953,4955,4962,4973,4974,4976,4977,4983,4988,4992,4995,5001,5038,5039,5042,5048,5061,5080,5100,5102,5104,5106,5132,5158,5169,5176,5177,5181,5183,5190,5195,5226,5227,5230,5234,5235,5239,5247,5248,5253,5254,5261,5262,5267,5270,5273,5279,5297,5302,5303,5311,5326,5348,5359,5360,5368,5370,5376,5377,5382,5409,5411,5412,5423,5440,5441,5445,5447,5454,5456,5480,5485,5513,5530,5550,5565,5571,5578,5584,5589
14,20,35,68,70,74,75,83,100,103,105,107,109,110,117,127,141,156,168,170,174,191,201,202,203,212,214,217,219,222,226,227,228,231,235,239,252,254,262,273,288,300,304,307,315,321,323,328,340,345,346,360,361,362,366,381,386,397,414,421,426,432,436,438,446,449,453,455,456,477,480,486,488,491,502,507,512,514,516,517,536,538,541,543,566,577,578,595,611,640,641,644,652,656,662,666,674,677,686,695,699,710,713,714,720,721,722,724,727,731,751,752,761,770,779,784,794,801,808,811,817,818,822,848,873,874,892,901,908,913,916,924,925,935,943,958,964,966,967,968,972,973,977,986,989,993,994,1002,1010,1019,1022,1023,1028,1043,1045,1054,1071,1076,1080,1088,1090,1096,1098,1104,1105,1106,1121,1125,1137,1139,1142,1148,1150,1151,1163,1188,1231,1235,1239,1240,1241,1249,1252,1265,1269,1276,1282,1285,1287,1293,1294,1297,1305,1311,1317,1328,1333,1338,1346,1353,1376,1377,1385,1401,1405,1406,1418,1419,1429,1442,1467,1469,1470,1492,1496,1499,1506,1512,1535,1542,1543,1558,1563,1565,1576,1591,1599,1602,1607,1609,1614,1630,1637,1645,1652,1657,1658,1660,1665,1668,1678,1699,1706,1707,1711,1737,1743,1762,1765,1766,1779,1786,1789,1797,1798,1804,1805,1809,1822,1825,1849,1852,1862,1863,1867,1872,1873,1883,1884,1887,1907,1908,1918,1926,1930,1972,1976,1982,1986,1989,1997,2001,2008,2015,2018,2021,2025,2062,2103,2123,2126,2145,2152,2156,2157,2161,2168,2177,2180,2191,2203,2215,2225,2236,2239,2243,2244,2247,2259,2262,2266,2285,2290,2311,2327,2364,2366,2375,2378,2385,2392,2395,2402,2406,2409,2413,2415,2421,2423,2430,2451,2472,2485,2487,2488,2489,2493,2513,2520,2526,2530,2533,2537,2569,2572,2575,2584,2586,2593,2596,2601,2624,2632,2645,2666,2685,2690,2698,2705,2706,2720,2733,2742,2745,2747,2755,2765,2770,2771,2774,2778,2783,2789,2796,2807,2809,2811,2817,2819,2820,2821,2825,2826,2838,2839,2841,2842,2855,2857,2858,2867,2879,2886,2896,2900,2903,2917,2919,2924,2929,2934,2937,2942,2944,2948,2951,2958,2960,2972,2988,3010,3013,3023,3027,3040,3045,3047,3055,3056,3059,3060,3070,3071,3080,3083,3091,3102,3132,3134,3136,3144,3153,3166,3171,3186,3190,3191,3193,3196,3206,3207,3221,3223,3227,3248,3261,3269,3298,3299,3302,3308,3310,3316,3328,3343,3359,3370,3373,3391,3393,3394,3403,3405,3410,3412,3419,3422,3423,3452,3483,3490,3491,3493,3496,3505,3516,3522,3525,3534,3559,3566,3571,3574,3580,3592,3594,3621,3627,3628,3629,3637,3639,3662,3679,3681,3682,3693,3702,3715,3716,3717,3725,3733,3736,3749,3774,3801,3833,3836,3852,3853,3870,3873,3875,3901,3919,3930,3938,3941,3942,3946,3957,3965,3976,3986,4005,4011,4021,4028,4057,4061,4072,4074,4080,4091,4099,4110,4158,4161,4162,4163,4168,4169,4173,4177,4184,4199,4201,4211,4221,4225,4233,4242,4248,4250,4252,4260,4261,4264,4266,4281,4284,4294,4310,4320,4331,4332,4333,4341,4370,4372,4380,4383,4384,2395,4416,4419,4423,4426,4437,4447,4455,4456,4467,4477,4486,4501,4503,4509,4514,4518,4526,4546,4547,4555,4559,4574,4588,4590,4594,4595,4598,4605,4613,4616,4617,4620,4628,4633,4634,4645,4646,4658,4660,4668,4670,4683,4686,4695,4703,4704,4710,4724,4739,4742,4746,4748,4756,4759,4760,4768,4769,4772,4775,4776,4778,4782,4783,4806,4824,4826,4835,4860,4863,4866,4871,4877,4878,4881,4894,4903,4911,4914,4935,4941,4943,4960,4964,4972,4982,4986,4991,4993,4994,4997,5004,5007,5014,5016,5021,5025,5026,5030,5032,5034,5046,5052,5062,5063,5074,5087,5094,5095,5104,5110,5113,5114,5115,5118,5119,5123,5139,5145,5162,5178,5187,5189,5191,5192,5201,5207,5209,5212,5223,5238,5247,5288,5290,5291,5298,5299,5301,5305,5314,5319,5322,5333,5334,5346,5347,5350,5351,5356,5369,5373,5378,5400,5407,5414,5424,5434,5471,5486,5489,5490,5505,5516,5520,5522,5539,5548,5549,5566,5567,5580,5581,5588,5589,5594
4,29,32,40,69,70,71,97,99,100,117,118,124,140,211,212,242,264,270,308,309,330,352,392,402,411,416,425,433,482,488,489,504,561,584,599,654,665,673,698,707,712,768,780,794,804,825,826,829,838,914,918,963,997,1001,1016,1018,1041,1042,1057,1073,1079,1084,1086,1121,1130,1138,1147,1200,1215,1219,1235,1259,1262,1277,1306,1322,1331,1340,1359,1380,1393,1399,1447,1448,1468,1478,1493,1508,1516,1548,1554,1576,1585,1590,1592,1594,1599,1604,1615,1630,1694,1759,1773,1774,1784,1788,1803,1828,1834,1838,1840,1842,1853,1854,1855,225,1902,1906,1933,1943,1953,1964,1965,1992,2006,2010,2027,2042,2044,2053,2073,2098,2117,2119,2124,2125,2128,2131,2146,2153,2159,2186,2213,2233,2240,2257,2262,2270,2278,2287,2289,2313,2334,2358,2362,2378,2382,2383,2384,2397,2409,2411,2434,2450,2469,2489,2493,2497,2552,2553,2572,2580,2618,2645,2659,2676,2688,2704,2736,2764,2792,2796,2797,2806,2812,2818,2820,2862,2873,2878,2897,2904,2912,2916,2917,2918,2919,2932,2973,2975,2991,3043,3046,3049,3051,3061,3095,3108,3115,3118,3157,3197,3198,3228,3236,3270,3300,3320,3333,3352,3354,3357,3364,3371,3412,3424,3431,3461,3463,3507,3508,3518,3533,3535,3561,3577,3582,3604,3615,3625,3630,3655,3656,3668,3674,3713,3748,3750,3762,3765,3781,3786,3792,3794,3800,3810,3839,3847,3870,3871,3875,3876,3880,3887,3904,3937,3948,3975,4005,4006,4010,4011,4012,4020,4040,4050,4060,4075,4078,4096,4147,4158,4182,4210,4218,4234,4238,4240,4263,4279,4280,4291,4339,4345,4377,4385,4391,4405,4412,4461,4479,4493,4498,4504,4506,4508,4514,4534,4565,4610,4638,4641,4675,4677,4691,4721,4725,4760,4767,4768,4771,4781,4784,4791,4808,4829,4849,4855,4875,4887,4907,4916,4925,4933,4943,4957,4968,4974,4984,4988,4990,5018,5031,5040,5052,5086,5093,5126,5131,5133,5134,5153,5173,5202,5233,5253,5270,5276,5281,5296,5316,5325,5331,5335,5354,5359,5368,5379,5391,5453,5461,5462,5475,5493,5500,5517,5521,5537,5546,5569
16,24,48,69,95,96,102,108,116,143,174,189,208,209,230,245,253,265,274,279,304,313,336,365,375,383,395,417,418,423,442,450,453,482,527,528,559,569,570,589,590,612,616,628,631,647,670,678,691,695,708,725,752,776,789,835,882,889,899,906,934,946,947,949,957,967,992,1014,1020,1053,1059,1062,1063,1069,1070,1072,1094,1100,1125,1132,1133,1140,1145,1163,1196,1204,1230,1235,1251,1253,1279,1291,1325,1345,1375,1397,1402,1471,1482,1488,1508,1512,1532,1539,1548,1551,1553,1581,1587,1598,1600,1601,1603,1608,1610,1612,1616,1618,1631,1636,1649,1659,1705,1721,1726,1727,1736,1758,1776,1783,1797,1810,1812,1863,1895,1898,1904,1925,1931,1958,1973,1981,2019,2022,2036,2039,2069,2109,2128,2209,2212,2264,2281,2305,2352,2380,2408,2410,2432,2461,2462,2486,2509,2531,2550,2562,2571,2589,2607,2615,2616,2635,2660,2666,2716,2741,2760,2772,2786,2793,2809,2820,2846,2849,2856,2865,2937,2945,2953,3008,3020,3024,3052,3057,3064,3067,3074,3079,3080,3084,3097,3121,3141,3152,3210,3243,3281,3303,3337,3339,3345,3387,3409,3427,3489,3492,3497,3509,3520,3538,3562,3610,3615,3635,3638,3643,3645,3653,3657,3665,3680,3693,3726,3743,3749,3763,3805,3813,3815,3835,3856,3874,3893,3897,3907,3913,3924,3944,3979,3980,3982,3997,4002,4003,4004,4029,4031,4060,4089,4103,4106,4116,4118,4119,4134,4154,4177,4194,4230,4234,4301,4302,4303,4338,4345,4351,4405,4432,4466,4474,4478,4493,4503,4508,4513,4514,4538,4560,4562,4681,4686,4721,4735,4736,4740,4750,4754,4761,4787,4830,4839,4877,4905,4908,4932,4952,4961,5001,5080,5111,5117,5130,5131,5137,5147,5168,5182,5183,5185,5197,5205,5206,5228,5234,5241,5272,5277,5278,5283,5301,5324,5345,5372,5389,5433,5436,5440,5472,5482,5514,5544,5568,5580,5584,5591,5600
45,67,119,126,130,152,160,165,173,176,178,229,244,259,272,275,312,333,364,372,373,375,380,382,428,443,457,533,534,561,576,667,683,701,702,703,716,735,749,753,757,803,809,813,819,869,881,897,918,930,938,951,954,962,976,984,991,1012,1021,1039,1064,1081,1095,1133,1156,1157,1169,1172,1181,1190,1216,1236,1248,1257,1275,1278,1290,1299,1320,1326,1414,1417,1453,1458,1460,1465,1494,1501,1518,1545,1548,1559,1570,1661,1668,1695,1722,1724,1739,1773,1774,1805,1807,1814,1815,1828,1829,1835,1838,1846,1855,1861,1866,1878,1899,1901,1915,1928,2003,2010,2032,2046,2054,2055,2087,2088,2117,2133,2135,2160,2179,2184,2236,2257,2260,2270,2284,2286,2319,2371,2400,2416,2427,2433,2457,2480,2483,2517,2547,2553,2559,2582,2618,2633,2726,2727,2728,2746,2748,2779,2816,2833,2834,2850,2860,2861,2862,2928,2961,2977,2984,2985,2994,3004,3025,3039,3043,3050,3078,3093,3103,3127,3165,3181,3182,3188,3189,3192,3195,3205,3252,3321,3324,3332,3361,3363,3381,3413,3424,3440,3443,3455,3469,3503,3554,3570,3579,3593,3596,3609,3643,3644,3664,3687,3689,3700,3707,3713,3735,3753,3770,3785,3802,3804,3810,3837,3854,3855,3858,3860,3894,3895,3904,3935,3984,4008,4036,4070,4075,4082,4093,4109,4139,4145,4147,4176,4177,4178,4183,4189,4195,4236,4245,4281,4337,4339,4350,4364,4389,4393,4403,4427,4441,4442,4449,4482,4505,4533,4549,4550,4554,4570,4597,4608,4622,4623,4624,4689,4690,4718,4737,4764,4765,4771,4811,4862,4891,4893,4942,4949,4956,4966,4971,5017,5037,5069,5088,5138,5142,5174,5231,5233,5242,5269,5274,5281,5293,5320,5330,5362,5391,5397,5463,5469,5510,5512,5518,5540,5572
19,49,122,135,183,220,236,240,260,261,277,295,316,374,388,413,419,458,465,466,467,468,469,471,492,530,531,540,558,567,597,619,633,689,747,804,815,816,832,856,858,868,894,895,896,902,938,981,1051,1110,1135,1156,1173,1177,1178,1179,1186,1210,1212,1218,1220,1237,1284,1323,1334,1357,1371,1394,1396,1415,1426,1428,1432,1497,1500,1504,1505,1560,1584,1593,1605,1639,1669,1677,1679,1680,1725,1752,1753,1816,1839,1870,1896,1913,1917,1946,1974,1998,2028,2052,2066,2090,2107,2151,2158,2181,2223,2242,2250,2271,2291,2294,2299,2300,2323,2346,2347,2387,2389,2407,2448,2459,2506,2512,2522,2543,2577,2597,2605,2606,2619,2682,2740,2776,2777,2810,2814,2840,2869,2881,2883,2891,2926,2939,2962,2978,3002,3030,3033,3035,3053,3099,3114,3147,3173,3199,3200,3213,3231,3239,3282,3292,3294,3341,3355,3368,3379,3383,3388,3392,3429,3434,3475,3486,3519,3526,3573,3603,3618,3672,3719,3745,3759,3775,3809,3869,3877,3912,3947,3954,3974,4014,4016,4018,4045,4156,4194,4196,4206,4229,4253,4271,4300,4323,4326,4335,4340,4352,4369,4388,4397,4408,4519,4524,4539,4566,4569,4589,4599,4603,4626,4642,4643,4674,4723,4738,4749,4766,4774,4796,4798,4801,4802,4816,4846,4869,4876,4883,4895,4922,4945,5005,5048,5051,5072,5091,5102,5106,5108,5120,5195,5213,5215,5217,5230,5244,5284,5297,5363,5376,5385,5406,5411,5412,5415,5435,5441,5442,5456,5476,5532,5536,5542,5547,5595,5596,5599,5601
42,56,57,58,135,153,182,205,213,223,225,232,234,242,276,305,332,335,339,344,351,393,401,422,440,487,493,497,500,502,508,603,627,629,642,649,688,689,698,705,739,743,787,790,793,797,830,854,857,875,900,946,948,973,1003,1024,1097,1134,1187,1203,1211,1281,1338,1343,1362,1412,1434,1456,1466,1484,1493,1495,1514,1517,1525,1580,1608,1613,1617,1647,1670,1681,1720,1725,1739,1747,1757,1780,1794,1857,1879,1886,1889,1911,1913,1917,1975,2005,2033,2058,2143,2148,2151,2159,2169,2174,2198,2218,2219,2299,2306,2307,2333,2338,2347,2349,2351,2359,2397,2399,2460,2463,2466,2497,2505,2511,2538,2544,2556,2564,2583,2597,2609,2610,2640,2688,2689,2690,2717,2731,2738,2840,2899,2915,2936,2955,2963,2979,2987,3000,3017,3019,3034,3062,3065,3091,3118,3168,3174,3176,3207,3220,3238,3241,3255,3307,3319,3378,3385,3390,3408,3434,3438,3442,3450,3464,3494,3502,3530,3551,3560,3590,3598,3726,3734,3759,3765,3769,3794,3812,3857,3885,3887,3906,3911,3917,3952,3956,3961,3972,3978,3981,4001,4018,4042,4063,4095,4120,4121,4140,4179,4206,4222,4255,4268,4270,4285,4309,4323,4400,4445,4465,4485,4494,4495,4523,4529,4579,4601,4637,4647,4708,4732,4734,4770,4793,4804,4838,4918,4928,5018,5027,5065,5097,5143,5144,5148,5151,5155,5184,5214,5216,5240,5243,5264,5318,5373,5394,5416,5417,5457,5468,5573,5595
4,16,23,115,116,162,183,224,236,265,271,279,304,316,329,369,383,405,415,423,463,468,512,540,550,581,590,614,633,636,653,655,704,719,745,780,794,804,843,863,868,877,894,895,896,926,929,942,944,947,981,1037,1041,1086,1099,1110,1128,1135,1140,1156,1167,1210,1212,1227,1237,1254,1315,1396,1397,1415,1424,1455,1459,1479,1490,1539,1546,1603,1605,1610,1611,1612,1629,1636,1656,1676,1699,1701,1705,1721,1727,1728,1752,1753,1787,1797,1803,1817,1827,1853,1880,1892,1896,1900,1925,1937,1998,2004,2029,2225,2237,2242,2279,2323,2352,2361,2410,2454,2469,2503,2509,2512,2543,2611,2628,2721,2722,2736,2758,2765,2818,2834,2849,2865,2923,2930,2937,2953,2957,3002,3053,3054,3114,3172,3213,3222,3231,3254,3268,3300,3325,3341,3349,3364,3366,3372,3383,3427,3428,3480,3489,3499,3573,3630,3638,3653,3655,3672,3696,3728,3761,3786,3792,3809,3897,3912,3958,3993,4004,4014,4040,4046,4048,4113,4118,4125,4137,4141,4151,4240,4253,4330,4351,4357,4379,4469,4476,4503,4538,4571,4577,4609,4625,4686,4723,4736,4740,4741,4760,4816,4847,4850,4888,4912,4933,4945,4977,4988,5001,5039,5048,5080,5102,5106,5177,5190,5195,5227,5230,5234,5253,5279,5297,5311,5368,5376,5377,5382,5411,5412,5440,5441,5445,5454,5456,5550,5578
27,37,51,52,72,136,139,147,150,233,280,292,322,327,342,354,397,435,480,499,515,554,560,585,591,701,736,745,746,749,756,775,798,800,824,835,840,847,853,884,906,1060,1063,1144,1202,1208,1213,1215,1216,1222,1347,1385,1454,1498,1503,1538,1540,1562,1568,1574,1594,1604,1635,1644,1655,1657,1674,1696,1709,1749,1764,1805,1840,1849,1850,1865,1893,1909,1916,1917,1920,1966,2030,2053,2070,2077,2078,2154,2189,2197,2241,2357,2367,2405,2422,2424,2528,2539,2540,2545,2592,2600,2604,2638,2730,2773,2775,2832,2930,2938,3018,3107,3124,3184,3201,3218,3225,3256,3270,3290,3313,3329,3404,3406,3407,3467,3473,3484,3564,3567,3595,3608,3649,3652,3668,3694,3785,3814,3882,3890,3893,3930,3965,3998,4015,4069,4112,4127,4152,4188,4208,4211,4214,4223,4265,4282,4290,4299,4334,4347,4417,4422,4464,4476,4483,4530,4537,4541,4555,4576,4612,4641,4656,4665,4684,4689,4729,4758,4791,4817,4829,4840,4844,4848,4854,4868,4902,4919,4926,4940,4967,5015,5140,5185,5208,5236,5257,5262,5266,5287,5298,5361,5390,5398,5408,5446,5461,5528,5586,5590
119,130,160,173,176,178,229,244,275,312,333,364,372,373,428,443,457,534,561,576,667,683,701,702,703,749,753,757,803,809,819,869,881,897,918,962,1021,1081,1133,1157,1172,1181,1216,1236,1248,1275,1278,1290,1299,1320,1326,1414,1417,1494,1501,1518,1545,1570,1661,1722,1724,1739,1773,1774,1807,1815,1838,1855,1861,1866,1878,1915,2003,2010,2046,2054,2055,2087,2117,2133,2179,2184,2257,2260,2270,2286,2319,2371,2427,2433,2483,2517,2547,2559,2582,2618,2633,2748,2779,2816,2850,2860,2861,2862,2977,2984,2994,3004,3025,3039,3043,3165,3181,3182,3192,3195,3205,3252,3324,3332,3381,3424,3443,3455,3469,3554,3570,3644,3664,3687,3700,3707,3713,3735,3753,3770,3802,3804,3810,3837,3854,3855,3895,3904,3984,4075,4093,4109,4139,4145,4147,4178,4183,4195,4236,4281,4337,4339,4350,4364,4389,4403,4427,4441,4442,4449,4505,4533,4549,4550,4554,4608,4623,4624,4689,4690,4764,4765,4771,4862,4891,4942,4949,4956,4971,5017,5069,5088,5138,5174,5231,5233,5242,5269,5281,5293,5320,5330,5362,5391,5463,5510,5512,5540,5572
14,74,75,103,110,174,191,219,226,252,288,323,345,449,491,507,538,541,566,595,611,644,652,699,720,727,779,873,968,973,993,1019,1043,1054,1071,1080,1090,1121,1137,1150,1252,1282,1294,1305,1317,1333,1346,1353,1406,1470,1496,1563,1609,1657,1660,1678,1699,1706,1711,1743,1765,1798,1849,1852,1887,1907,1908,1930,1972,2015,2025,2062,2156,2161,2203,2225,2262,2285,2327,2375,2378,2395,2421,2485,2530,2537,2584,2593,2632,2706,2742,2770,2778,2783,2789,2821,2838,2839,2858,2934,2942,2944,2951,2988,3060,3083,3102,3132,3144,3153,3166,3186,3191,3193,3196,3223,3227,3359,3373,3490,3505,3522,3621,3629,3639,3681,3717,3733,3774,3901,3965,3976,4091,4158,4161,4169,4173,4177,4242,4294,2395,4419,4426,4447,4467,4503,4518,4546,4555,4598,4613,4617,4634,4670,4695,4704,4746,4759,4772,4778,4860,4914,4960,5014,5016,5046,5087,5123,5187,5192,5201,5290,5291,5299,5301,5333,5346,5347,5351,5356,5378,5400,5516,5567
32,33,46,67,84,128,171,232,234,299,308,319,382,383,405,435,454,468,491,533,566,604,646,653,697,708,732,739,824,839,933,942,947,949,951,999,1074,1110,1115,1129,1144,1146,1148,1158,1187,1207,1208,1255,1276,1347,1450,1468,1493,1556,1561,1565,1616,1633,1637,1711,1712,1721,1827,1840,1856,1895,1896,1913,1934,1964,2013,2031,2113,2132,2141,2170,2187,2220,2269,2349,2351,2369,2398,2400,2401,2430,2474,2603,2724,2727,2741,2769,2851,2865,2950,2961,2974,2980,3006,3107,3123,3164,3174,3180,3215,3249,3275,3317,3350,3358,3364,3366,3367,3409,3536,3564,3689,3739,3760,3780,3897,3936,3968,3983,3998,4046,4061,4103,4118,4135,4154,4184,4319,4351,4352,4366,4417,4512,4513,4521,4593,4726,4736,4781,4784,4787,4832,4847,4867,4873,4915,4916,4924,4994,5129,5204,5205,5245,5252,5257,5262,5266,5282,5285,5295,5359,5368,5374,5438,5484,5493,5508,5578
69,97,124,140,264,270,392,402,411,416,482,504,561,584,599,698,707,780,804,914,997,1001,1018,1041,1073,1084,1130,1262,1322,1331,1340,1359,1380,1447,1478,1516,1590,1594,1604,1615,1694,1759,1784,1788,1834,1842,1853,1854,1902,1906,1943,1965,2027,2042,2044,2073,2124,2128,2131,2146,2153,2213,2233,2240,2262,2270,2287,2378,2382,2397,2450,2489,2497,2552,2553,2645,2688,2704,2736,2764,2806,2878,2973,2991,3051,3108,3118,3157,3197,3333,3352,3354,3371,3412,3461,3535,3561,3582,3625,3655,3674,3748,3762,3765,3781,3792,3794,3839,3847,3887,3948,3975,4040,4078,4158,4182,4238,4263,4279,4280,4291,4385,4405,4461,4493,4504,4506,4508,4514,4638,4760,4767,4791,4829,4849,4887,4933,4943,4957,4984,4988,4990,5018,5086,5126,5134,5153,5173,5202,5270,5276,5316,5331,5335,5354,5359,5368,5379,5453,5462,5521,5537,5569
48,98,108,189,274,313,365,380,417,454,470,518,528,569,572,589,647,678,725,789,889,899,946,969,991,992,1012,1053,1059,1062,1094,1100,1145,1196,1251,1253,1291,1375,1471,1482,1488,1551,1553,1587,1608,1649,1659,1726,1758,1776,1810,1812,1846,1895,1931,1958,1973,2019,2022,2085,2212,2236,2249,2264,2281,2305,2380,2462,2486,2531,2550,2589,2616,2674,2716,2741,2772,2786,2793,2945,3008,3052,3074,3079,3097,3138,3141,3210,3305,3337,3387,3409,3492,3520,3529,3610,3635,3813,3835,3845,3874,3907,3928,3945,3969,3979,3982,3997,4002,4003,4088,4115,4124,4134,4180,4189,4220,4230,4297,4301,4432,4474,4562,4716,4754,4833,4905,4908,4932,4952,4961,5012,5117,5130,5147,5168,5172,5197,5205,5228,5241,5278,5279,5283,5324,5345,5389,5432,5482,5591,5600
102,108,179,274,302,313,375,454,481,527,570,601,604,617,634,727,789,899,992,1053,1062,1068,1094,1100,1146,1196,1225,1230,1272,1276,1279,1288,1375,1465,1587,1598,1610,1649,1768,1783,1909,1964,1971,1984,2022,2036,2074,2085,2154,2209,2215,2274,2354,2550,2628,2639,2678,2716,2945,2976,3020,3074,3094,3138,3152,3337,3403,3449,3568,3605,3767,3780,3839,3856,3874,3929,3999,4003,4065,4181,4311,4338,4371,4432,4462,4474,4485,4510,4557,4578,4596,4597,4659,4700,4787,4790,4839,4879,4905,4916,4932,4980,5012,5013,5073,5141,5168,5197,5272,5279,5289,5324,5389,5396,5446,5474,5482,5498,5541,5591
70,100,115,155,177,212,251,326,456,460,488,520,575,741,831,904,923,990,1183,1260,1422,1423,1459,1522,1541,1576,1583,1590,1599,1630,1672,1697,1702,1734,1927,1978,2068,2071,2322,2324,2325,2342,2404,2418,2420,2493,2514,2527,2565,2572,2641,2677,2691,2697,2796,2831,2845,2868,2917,2919,2982,2998,3133,3183,3326,3336,3460,3512,3513,3625,3675,3754,3870,3875,3886,2639,4005,4011,4046,4100,4104,4176,4224,4249,4257,4273,4317,4390,4450,4455,4480,4492,4493,4706,4807,4917,4948,4983,5158,5181,5226,5302,5445,5513,5530
16,102,116,181,253,380,383,395,423,454,550,572,599,632,664,760,780,967,991,1012,1042,1072,1123,1132,1160,1230,1269,1276,1327,1375,1397,1508,1587,1598,1603,1705,1721,1826,1846,1847,1902,1929,2085,2232,2236,2381,2477,2497,2524,2765,2806,2809,2856,2865,3020,3041,3139,3281,3339,3345,3400,3479,3480,3489,3497,3505,3509,3569,3643,3651,3653,3763,3780,3805,3845,3872,3897,3900,3969,3999,4189,4295,4385,4446,4474,4667,4839,4936,5080,5162,5172,5278,5288,5472,5544,5584
67,84,171,278,319,382,435,491,533,539,604,646,697,708,732,824,933,951,999,1074,1115,1144,1146,1148,1158,1161,1207,1221,1255,1276,1347,1450,1556,1561,1565,1711,1712,1840,1856,1934,2056,2187,2298,2369,2398,2400,2401,2474,2724,2727,2763,2769,2851,2961,3006,3123,3157,3249,3257,3275,3317,3536,3564,3689,3739,3760,3819,3903,3936,3968,4103,4135,4184,4319,4356,4417,4521,4593,4726,4781,4867,4882,4915,4924,5019,5129,5165,5204,5205,5252,5266,5295,5374,5503,5508
12,18,29,70,100,112,113,144,212,289,352,406,433,488,556,721,841,1103,1117,1205,1381,1483,1576,1599,1630,1830,1902,1904,1966,2006,2221,2238,2276,2358,2375,2493,2572,2671,2796,2877,2896,2917,2919,2929,3048,3061,3142,3143,3175,3298,3318,3453,3498,3500,3524,3542,3656,3870,3875,3892,3920,3924,3950,4005,4011,4089,4177,4187,4192,4235,4237,4342,4354,4442,4479,4514,4531,4639,4665,4675,4692,4693,4728,4805,4834,4849,4855,4953,5038,5104,5183,5190,5235,5273
50,73,131,163,166,238,276,311,398,402,553,762,783,879,1108,1176,1223,1457,1531,1621,1650,1684,1801,1965,2034,2064,2072,2094,2139,2153,2169,2207,2227,2309,2317,2318,2370,2386,2456,2510,2568,2573,2630,2732,2770,2784,2811,2986,2990,3159,3219,3232,3357,3454,3531,3541,3620,3748,4066,4160,4170,4244,4343,4478,4500,4581,4602,4644,4685,4698,4707,4743,4809,4934,4957,4982,5023,5078,5092,5109,5164,5199,5249,5255,5308,5453,5455,3555,5483,5494,5554,5585
20,168,203,214,222,235,262,300,315,346,381,386,426,516,713,714,1088,1188,1231,1311,1376,1401,1405,1442,1499,1707,1737,1766,1779,1786,1804,1873,1976,2008,2157,2180,2191,2415,2513,2575,2698,2817,2819,2855,2857,2903,2960,3013,3023,3040,3299,3302,3412,3574,3594,3637,3715,3852,3930,3938,3946,4099,4211,4221,4233,4252,4260,4310,4320,4423,4455,4456,4477,4616,4646,4806,4866,4881,4894,4941,4993,5094,5095,5110,5207,5212,5322,5369,5566,5588,5589
9,12,36,113,393,525,582,903,973,1078,1131,1214,1314,1355,1359,1360,1388,1411,1452,1510,1529,1534,1686,1744,1754,1769,1781,1879,1910,1921,2057,2124,2138,2217,2301,2316,2363,2403,2458,2686,2700,2780,2870,2906,2914,3063,3096,3119,3120,3143,3177,3207,3209,3233,3240,3255,3313,3335,3439,3523,3552,3679,3680,3730,3832,3892,3914,4200,4239,4274,4308,4434,4442,4509,4564,4583,4630,4693,4701,4760,4854,4920,4965,4987,5056,5153,5160,5403,5421,5430
70,100,127,212,217,227,340,453,488,512,514,543,666,677,721,722,761,770,794,901,967,1002,1235,1249,1418,1576,1599,1607,1630,1665,1809,1862,1986,1989,2001,2021,2168,2239,2430,2493,2520,2569,2572,2624,2666,2705,2796,2820,2825,2896,2900,2917,2919,2929,2948,3071,3080,3171,3248,3269,3693,3702,3870,3875,4005,4011,4370,4380,4416,4501,4514,4547,4590,4660,4760,4911,4943,4991,4994,5007,5104,5114,5115,5118,5314,5434,5520,5580,5594
6,13,91,145,221,283,284,314,451,600,635,669,755,806,844,849,905,927,928,1122,1124,1266,1309,1329,1403,1480,1519,1533,1572,1573,1578,1716,1718,1945,1950,2093,2173,2302,2339,2341,2372,2393,2496,2502,2599,2680,2815,2830,2991,3215,3234,3285,3295,3351,3414,3732,3795,3846,3888,3930,3996,4044,4106,4116,4132,4211,4227,4304,4324,4362,4367,4373,4375,4475,4573,4619,4713,4714,4886,4904,4905,4947,4992,5061,5326,5370
68,117,228,231,254,321,328,360,414,436,446,517,577,641,731,817,818,935,966,986,1010,1045,1098,1151,1241,1265,1269,1293,1297,1535,1614,1789,1867,1918,2126,2244,2290,2366,2402,2409,2487,2489,2596,2807,2842,2958,3055,3298,3310,3393,3410,3525,3559,3571,3662,3833,3836,3941,4162,4264,4331,4332,4333,4633,4739,4742,4768,4769,4783,4824,4871,4986,5021,5178,5191,5288,5305,5350,5407,5414
116,199,329,383,655,704,780,794,877,1037,1041,1086,1128,1366,1397,1441,1455,1610,1611,1615,1627,1629,1803,1817,1853,1880,1900,1925,1970,2233,2256,2297,2361,2454,2509,2611,2628,2658,2660,2721,2736,2765,2775,2818,2890,3054,3112,3268,3300,3349,3397,3398,3427,3628,3653,3655,3762,3786,3792,3827,3828,3893,3964,4040,4081,4141,4240,4330,4379,4587,4625,4741,4760,4847,4933,4988,5169,5190,5270,5377,5423,5440
108,189,375,463,634,691,700,899,948,991,1053,1062,1094,1308,1465,1587,1613,1616,1768,1846,1891,1909,2015,2209,2236,2673,2716,2945,3064,3094,3138,3152,3303,3408,3449,3465,3763,3839,3874,3882,3969,4003,4029,4065,4220,4311,4338,4432,4462,4474,4491,4557,4596,4700,4830,4932,4980,5177,5206,5234,5324,5328,5389,5433,5498,5514,5591
4,54,162,241,264,508,685,719,763,828,843,932,1013,1017,1035,1058,1343,1387,1546,1644,1831,2081,2246,2304,2356,2360,2375,2419,2428,2474,2505,2591,2627,2669,2702,2708,2722,2757,2794,2800,2852,2921,2949,3107,3364,3366,3406,3600,3638,3737,3758,3857,3878,4084,4137,4153,4334,4347,4421,4469,4563,4823,4937,5158,5196,5381,5382
32,46,349,363,439,533,557,758,810,1447,1463,1474,1633,1667,1834,1932,2121,2132,2303,2400,2453,2509,2603,2785,2865,2957,3180,3198,3247,3258,3297,3323,3342,3611,3624,3641,3666,3670,3829,3896,3953,4053,4125,4359,4361,4366,4428,4444,4640,4677,4885,4896,4925,4955,4973,4974,4995,5042,5359,5360,5571
25,123,496,539,585,608,797,840,872,975,976,996,1221,1370,1449,1458,1800,1829,1841,2048,2050,2082,2166,2314,2529,2623,3044,3087,3280,3322,3384,3440,3585,3634,3694,3710,3791,3923,3992,4049,4404,4413,4418,4617,4836,4857,4915,4970,5021,5047,5059,5100,5121,5136,5178,5321,5383,5395,5550,5592
1,27,185,302,345,454,604,697,750,848,861,864,933,951,959,1073,1126,1144,1207,1262,1450,1451,1559,1713,1783,1890,1954,2209,2357,2768,2769,2907,2959,3064,3152,3184,3185,3228,3265,3303,3361,3404,3517,3708,3780,3839,4404,4432,4726,4787,4821,5000,5096,5103,5139,5287,5452,5498
101,273,729,752,794,975,977,1007,1019,1087,1142,1164,1204,1402,1486,1733,1906,1944,2047,2245,2324,2348,2464,2521,2565,2664,2768,2826,2972,2975,3491,3517,3536,3576,3751,3791,3844,3919,4110,4157,4226,4353,4431,4497,4559,4730,4731,4776,4843,4856,4873,5021,5057,5136,5576
218,378,508,593,658,1001,1141,1343,1344,1421,1444,1628,1802,2137,2353,2368,2505,2519,2638,2803,2828,2907,2921,3154,3178,3220,3561,3600,3616,3661,3811,3905,3909,3961,4055,4059,4155,4357,4401,4463,4540,4614,4661,4715,4734,4785,4890,5024,5065,5268,5354,5457,5478,5527
356,458,832,938,1170,1210,1228,1387,1552,1593,1596,1761,1959,1961,2035,2052,2149,2182,2282,2304,2310,2407,2739,2740,2829,3012,3669,3718,3745,4156,4262,4300,4340,4388,4397,4453,4576,4603,4846,4867,4924,5035,5072,5217,5246,5275,5542
2,21,38,149,319,484,568,697,719,983,1015,1057,1089,1238,1300,1305,1389,1461,1832,1856,2040,2053,2134,3115,3270,3309,3356,3417,3435,3668,3685,3718,3739,3787,3908,3927,4171,4521,4545,4612,5040,5205,5224,5438,5507
12,200,221,366,407,860,1066,1101,1232,1581,1770,1771,1885,2112,2240,2243,2248,2429,2484,2588,2647,2653,2884,2887,3011,3031,3532,3594,3676,3851,3892,4258,4336,4575,4653,4693,4795,4797,4976,5239,5447,5565,5589
101,137,273,288,322,380,412,479,640,745,765,781,1123,1154,1192,1402,1565,1582,1637,1712,1844,1868,2023,2171,2258,2265,2401,2468,2480,2541,2795,3122,3235,3517,3779,3783,3927,4214,4593,4733,4828,4843,4977
32,270,308,330,1018,1057,1219,1259,1399,1468,1592,1788,225,2027,2053,2131,2334,2812,2818,2897,2932,3115,3270,3300,3463,3577,3630,3668,3975,4096,4210,4263,4498,4677,4781,4925,4974,5040,5133,5379,5461,5493
322,345,377,481,604,691,1063,1269,1313,1419,1473,1495,1603,1929,2085,2215,2232,2385,2611,2765,2798,2849,3041,3254,3273,3290,3362,3763,3805,3900,3934,4365,4466,4863,5162,5288,5328,5439,5451
52,110,595,657,937,1250,1559,1654,1832,1993,2015,2121,2262,2327,2486,2632,2778,2968,3144,3203,3404,3505,3706,3733,3739,4069,4532,4617,4751,4812,4996,5140
433,829,918,1147,1306,1803,1854,1855,2006,2119,2362,2383,2580,2862,3046,3320,3533,3713,3839,4010,4279,4345,4377,4725,4808,4855,5233,5281,5296,5521
11,26,28,59,63,86,111,132,175,207,216,250,310,341,343,368,371,408,464,509,524,535,586,598,676,681,682,687,711,734,812,859,867,911,939,985,988,998,1004,1009,1030,1036,1044,1184,1199,1234,1246,1289,1296,1312,1324,1335,1373,1378,1404,1527,1537,1675,1735,1763,1775,1793,1833,1848,1912,1985,1988,2038,2067,2099,2111,2176,2188,2202,2204,2263,2273,2337,2391,2442,2446,2447,2452,2455,2476,2491,2504,2508,2515,2558,2560,2595,2634,2644,2649,2654,2662,2663,2787,2822,2853,2874,2888,2894,2933,2935,3042,3145,3162,3211,3217,3242,3264,3312,3331,3340,3375,3376,3402,3420,3421,3468,3472,3474,3487,3511,3557,3578,3588,3591,3647,3747,3861,4023,4026,4037,4039,4068,4114,4142,4143,4150,4166,4167,4207,4278,4283,4321,4378,4392,4411,4452,4460,4472,4487,4489,4490,4516,4520,4558,4618,4631,4632,4657,4663,4672,4680,4694,4711,4763,4837,4864,4872,4901,4930,4951,4978,5077,5082,5101,5167,5219,5237,5317,5340,5357,5401,5437,5449,5450,5492,5511,5524,5564,5597
85,88,267,291,483,587,625,660,1302,1550,1634,1682,1785,2234,2570,2696,2710,2711,2713,3224,3863,4884,5022,5502
